姓名,手机号,邮箱,地址
张三,17605675448,2291921855@qq.com,宿州
李四,17682750129,8371273037@qq.com,阜阳
张平,17656675448,2299342855@qq.com,北京
王五,17634750129,8567237037@qq.com,上海
张三,17605675448,2291921855@qq.com,宿州
李四,17682750129,8371273037@qq.com,阜阳
张平,17656675448,2299342855@qq.com,北京
王五,17634750129,8567237037@qq.com,上海
张三,17605675448,2291921855@qq.com,宿州
李四,17682750129,8371273037@qq.com,阜阳
张平,17656675448,2299342855@qq.com,北京
王五,17634750129,8567237037@qq.com,上海
张三,17605675448,2291921855@qq.com,宿州
李四,17682750129,8371273037@qq.com,阜阳
张平,17656675448,2299342855@qq.com,北京
王五,17634750129,8567237037@qq.com,上海